Product name,Brand,Style number,Number of colours,Colours with a photo,Front photo,Side photo,Back photo,Photo of someone wearing it,Different photos in our shop,In plain English,Checked against SanMar website
Unknown Product,(name not filled in yet),421001,1,1,Yes — every colour,No,No,No,1,Every colour has a photo,Could not count pictures on SanMar's website
Unknown Product,(name not filled in yet),ATCF6600,7,7,Yes — every colour,Yes — every colour,No,No,14,Every colour has a photo,About the same as SanMar's website
Unknown Product,(name not filled in yet),ATCF6700,7,7,Yes — every colour,Yes — every colour,No,No,14,Every colour has a photo,About the same as SanMar's website
Unknown Product,(name not filled in yet),CGM451,7,7,Yes — every colour,No,Yes — every colour,Yes,14,Every colour has a photo,About the same as SanMar's website
Unknown Product,(name not filled in yet),DF7630L,1,1,Yes — every colour,Yes — every colour,No,No,2,Every colour has a photo,About the same as SanMar's website
Unknown Product,(name not filled in yet),KOI2250L,6,6,Yes — every colour,Yes — every colour,No,No,12,Every colour has a photo,About the same as SanMar's website
Unknown Product,(name not filled in yet),KOI2275,4,4,Yes — every colour,Yes — every colour,No,No,8,Every colour has a photo,About the same as SanMar's website
Unknown Product,(name not filled in yet),L7605,2,2,Yes — every colour,No,Yes — every colour,No,4,Every colour has a photo,About the same as SanMar's website
Unknown Product,(name not filled in yet),LOE700,1,1,Yes — every colour,No,Yes — every colour,Yes,2,Every colour has a photo,About the same as SanMar's website
Unknown Product,(name not filled in yet),LOG138,6,6,Yes — every colour,No,No,Yes,6,Every colour has a photo,Not listed on SanMar's public website
Unknown Product,(name not filled in yet),NKFN4106,1,1,Yes — every colour,No,No,No,1,Every colour has a photo,About the same as SanMar's website
Unknown Product,(name not filled in yet),S350LS,10,10,Yes — every colour,No,Yes — every colour,No,20,Every colour has a photo,Could not count pictures on SanMar's website
Unknown Product,(name not filled in yet),S3535,7,7,Yes — every colour,No,Yes — every colour,No,14,Every colour has a photo,Could not count pictures on SanMar's website
Unknown Product,(name not filled in yet),S3550,10,10,Yes — every colour,Yes — every colour,No,No,20,Every colour has a photo,Could not count pictures on SanMar's website
Unknown Product,(name not filled in yet),WERK7640,3,3,Yes — every colour,Yes — every colour,Yes — every colour,No,9,Every colour has a photo,About the same as SanMar's website
Unknown Product,(name not filled in yet),Y350LS,7,7,Yes — every colour,No,Yes — every colour,No,14,Every colour has a photo,Could not count pictures on SanMar's website
Performance Headband,ATC Accessories,ATCHBAND,3,3,Yes — every colour,No,No,No,3,Every colour has a photo,About the same as SanMar's website
Retro Backpack,ATC Accessories,B1029,4,4,Yes — every colour,Yes — every colour,No,No,8,Every colour has a photo,About the same as SanMar's website
Everyday Essential Tote,ATC Accessories,B110,13,13,Yes — every colour,No,No,No,13,Every colour has a photo,About the same as SanMar's website
Everyday Earth Wash Hood,ATC Earth Wash,ATCF6500,11,11,Yes — every colour,Yes — every colour,No,No,22,Every colour has a photo,About the same as SanMar's website
Everyday Earthwash Youth Hood,ATC Earth Wash,ATCY6500,6,6,Yes — every colour,Yes — every colour,No,No,12,Every colour has a photo,About the same as SanMar's website
One Ten Snapback Cap,ATC Flexfit,ATC110F,4,4,Yes — every colour,Some colours,Yes — every colour,No,11,Every colour has a photo,About the same as SanMar's website
One Ten Cool & Dry Mini Pique,ATC Flexfit,ATC110P,3,3,Yes — every colour,No,Yes — every colour,No,6,Every colour has a photo,About the same as SanMar's website
Premium Classic Snapback,ATC Flexfit,ATC6089M,3,3,Yes — every colour,Yes — every colour,Some colours,No,7,Every colour has a photo,About the same as SanMar's website
LowProfile CottonTwill Dad Hat,ATC Flexfit,ATC6245CM,5,5,Yes — every colour,Yes — every colour,Some colours,No,14,Every colour has a photo,About the same as SanMar's website
Everyday Knit Skull Cap,ATC Headwear,C105,3,3,Yes — every colour,No,No,No,3,Every colour has a photo,About the same as SanMar's website
Everyday Twill Bucket Hat,ATC Headwear,C1302,8,8,Yes — every colour,Yes — every colour,No,No,16,Every colour has a photo,About the same as SanMar's website
ProTeam L/S V-Neck Lds' Tee,ATC Pro Team,L3520LS,7,7,Yes — every colour,No,Yes — every colour,No,14,Every colour has a photo,Could not count pictures on SanMar's website
Pro Mesh Short,ATC Pro Team,S3525,2,2,Yes — every colour,No,Yes — every colour,No,4,Every colour has a photo,Could not count pictures on SanMar's website
Pro Team Sleeveless Tee,ATC Pro Team,S3527,9,9,Yes — every colour,No,Some colours,No,17,Every colour has a photo,Could not count pictures on SanMar's website
"Pro Club 7"" Mesh Shorts",ATC Pro Team,S3536,3,3,Yes — every colour,Yes — every colour,Yes — every colour,No,9,Every colour has a photo,Could not count pictures on SanMar's website
Pro Club Long Sleeve Tee,ATC Pro Team,S3550LS,5,5,Yes — every colour,Yes — every colour,No,No,10,Every colour has a photo,Could not count pictures on SanMar's website
Pro Club Polo,ATC Pro Team,S3560,5,5,Yes — every colour,Yes — every colour,No,No,10,Every colour has a photo,Could not count pictures on SanMar's website
"Pro Team 7"" Short with Pockets",ATC Pro Team,S357P,5,5,Yes — every colour,Yes — every colour,No,No,10,Every colour has a photo,Could not count pictures on SanMar's website
Pro Mesh Yth Shorts,ATC Pro Team,Y3525,2,2,Yes — every colour,No,Yes — every colour,No,4,Every colour has a photo,About the same as SanMar's website
Pro Club Reversible Youth Tank,ATC Pro Team,Y3535,7,7,Yes — every colour,No,Yes — every colour,No,14,Every colour has a photo,About the same as SanMar's website
"Pro Club 5"" Mesh Youth Short",ATC Pro Team,Y3536,3,3,Yes — every colour,Yes — every colour,Yes — every colour,No,9,Every colour has a photo,About the same as SanMar's website
Heavyweight Ring Spun Cotton T,ATC WeRK,WERK250,8,8,Yes — every colour,Yes — every colour,No,No,16,Every colour has a photo,About the same as SanMar's website
Heavyweight Ring Spun Tall Tee,ATC WeRK,WERK250T,8,8,Yes — every colour,Yes — every colour,No,No,16,Every colour has a photo,About the same as SanMar's website
Freezer Jacket,ATC WeRK,WERK7611,2,2,Yes — every colour,Yes — every colour,No,No,4,Every colour has a photo,About the same as SanMar's website
Hooded Freezer Jacket,ATC WeRK,WERK7611H,1,1,Yes — every colour,Yes — every colour,No,No,2,Every colour has a photo,About the same as SanMar's website
Womens Quilted Freezer Jacket,ATC WeRK,WERK7611L,1,1,Yes — every colour,Yes — every colour,No,No,2,Every colour has a photo,About the same as SanMar's website
Heavyweight Ring Spun LS Tee,ATC WeRK,WeRK250LS,8,8,Yes — every colour,Yes — every colour,No,No,16,Every colour has a photo,Could not count pictures on SanMar's website
Heavyweight Ring Spun Pocket T,ATC WeRK,WeRK250P,8,8,Yes — every colour,Yes — every colour,No,No,16,Every colour has a photo,About the same as SanMar's website
Heavyweight Fleece Hood,ATC WeRK,WeRK420,7,7,Yes — every colour,Yes — every colour,No,No,14,Every colour has a photo,About the same as SanMar's website
Heavyweight Fleece Crewneck,ATC WeRK,WeRK421,7,7,Yes — every colour,Yes — every colour,No,No,14,Every colour has a photo,About the same as SanMar's website
Heavyweight Fleece FZ Hood,ATC WeRK,WeRK422,7,7,Yes — every colour,Yes — every colour,No,No,14,Every colour has a photo,About the same as SanMar's website
Authentic Colours L/S HVYW TEE,AuthenticColour,ATC1715,10,10,Yes — every colour,Yes — every colour,No,No,20,Every colour has a photo,About the same as SanMar's website
Everyday Blend Ladies Polo,CH Everyday,L4046,6,6,Yes — every colour,Yes — every colour,No,No,12,Every colour has a photo,Not listed on SanMar's public website
Everyday Snag Resistant Polo,CH Everyday,S365,16,16,Yes — every colour,Yes — every colour,No,No,32,Every colour has a photo,Could not count pictures on SanMar's website
Everyday Snag Resist LS Polo,CH Everyday,S365LS,9,9,Yes — every colour,Yes — every colour,No,No,18,Every colour has a photo,Could not count pictures on SanMar's website
Everyday Snag Resist Pckt Polo,CH Everyday,S365P,9,9,Yes — every colour,Some colours,No,No,17,Every colour has a photo,Could not count pictures on SanMar's website
Everyday Polo,CH Everyday,S4007,8,8,Yes — every colour,No,Some colours,No,15,Every colour has a photo,Could not count pictures on SanMar's website
Everyday Blend Polo,CH Everyday,S4046,6,6,Yes — every colour,Yes — every colour,No,No,12,Every colour has a photo,Not listed on SanMar's public website
Everyday Snag Resist Tall Polo,CH Everyday,TS365,9,9,Yes — every colour,Yes — every colour,No,No,18,Every colour has a photo,Could not count pictures on SanMar's website
Everyday Hooded Soft Shell Jkt,CH Outerwear,J7605,2,2,Yes — every colour,No,Yes — every colour,No,4,Every colour has a photo,About the same as SanMar's website
Essential Soft Shell Jacket,CH Outerwear,J7610,2,2,Yes — every colour,Yes — every colour,No,No,4,Every colour has a photo,About the same as SanMar's website
Essential SoftShell Lds Jacket,CH Outerwear,L7610,2,2,Yes — every colour,Yes — every colour,No,No,4,Every colour has a photo,About the same as SanMar's website
Essential Softshell Yth Jacket,CH Outerwear,Y7610,2,2,Yes — every colour,Yes — every colour,No,No,4,Every colour has a photo,About the same as SanMar's website
Snag Proof Power Polo,CH Sport Shirts,S4005,9,9,Yes — every colour,No,Yes — every colour,No,18,Every colour has a photo,Could not count pictures on SanMar's website
Snag Proof Power Pkt Polo,CH Sport Shirts,S4005P,3,3,Yes — every colour,No,Yes — every colour,No,6,Every colour has a photo,Could not count pictures on SanMar's website
Pro Team Sport Shirt,CH Sport Shirts,S4039,12,12,Yes — every colour,No,Yes — every colour,No,24,Every colour has a photo,Could not count pictures on SanMar's website
Snag Resist Polo,CH Sport Shirts,S445,14,14,Yes — every colour,No,Some colours,No,27,Every colour has a photo,Could not count pictures on SanMar's website
Snag Resist L/S Polo,CH Sport Shirts,S445LS,3,3,Yes — every colour,No,Yes — every colour,No,6,Every colour has a photo,Could not count pictures on SanMar's website
Snag Resist Tall Polo,CH Sport Shirts,TS445,3,3,Yes — every colour,No,Yes — every colour,No,6,Every colour has a photo,Could not count pictures on SanMar's website
Everyday EC L/S Wov Lad Shirt,CH Wovens,CH6200L,7,7,Yes — every colour,Yes — every colour,No,No,14,Every colour has a photo,Not listed on SanMar's public website
Everyday EC S/S Wov Lds Shirt,CH Wovens,CH6201L,7,7,Yes — every colour,Yes — every colour,No,No,14,Every colour has a photo,Not listed on SanMar's public website
Core Performance Polo,Callaway,CGM211,5,5,Yes — every colour,No,Yes — every colour,Yes,10,Every colour has a photo,About the same as SanMar's website
Micro Chev Print Polo,Callaway,CGM791,2,2,Yes — every colour,No,No,Yes,2,Every colour has a photo,About the same as SanMar's website
All-Over Stitched Chev Polo,Callaway,CGM794,3,3,Yes — every colour,No,No,No,3,Every colour has a photo,About the same as SanMar's website
Opti-Vent Lds' Polo,Callaway,CGW437,7,7,Yes — every colour,No,Yes — every colour,Yes,14,Every colour has a photo,About the same as SanMar's website
All-Over Stitched Chev LdsPolo,Callaway,CGW792,3,3,Yes — every colour,No,No,Yes,3,Every colour has a photo,About the same as SanMar's website
Dickies Twill S/Sleeve Shirt,Dickies,2574,1,1,Yes — every colour,No,No,No,1,Every colour has a photo,About the same as SanMar's website
Essential Puffy Jacket,DryFrame,DF7612,1,1,Yes — every colour,Yes — every colour,No,No,2,Every colour has a photo,About the same as SanMar's website
Essential Ladies Puffy Jacket,DryFrame,DF7612L,1,1,Yes — every colour,Yes — every colour,No,No,2,Every colour has a photo,About the same as SanMar's website
Essential Insulated Hooded Jkt,DryFrame,DF7630,1,1,Yes — every colour,Yes — every colour,No,No,2,Every colour has a photo,About the same as SanMar's website
Dry Tech Parka,DryFrame,DF7663,1,1,Yes — every colour,Yes — every colour,Yes — every colour,No,3,Every colour has a photo,About the same as SanMar's website
Dry Tech Lds' Parka,DryFrame,DF7663L,1,1,Yes — every colour,Yes — every colour,Yes — every colour,No,3,Every colour has a photo,About the same as SanMar's website
Element CFF Ladies Crewneck,KOI,KOI2240L,6,6,Yes — every colour,Yes — every colour,No,No,12,Every colour has a photo,About the same as SanMar's website
Element CFF 1/2 Zip Sweatshirt,KOI,KOI2270,5,5,Yes — every colour,Yes — every colour,No,No,10,Every colour has a photo,About the same as SanMar's website
Element CFF Open Bottom Swtpnt,KOI,KOI2280,5,5,Yes — every colour,No,No,No,5,Every colour has a photo,About the same as SanMar's website
Element TriBlend Ladies Tee,KOI,KOI8050L,6,6,Yes — every colour,Some colours,No,No,7,Every colour has a photo,About the same as SanMar's website
Element Triblend L/S Hood,KOI,KOI8051,2,2,Yes — every colour,Yes — every colour,No,No,4,Every colour has a photo,About the same as SanMar's website
Element Triblend Lds Racerback,KOI,KOI8055L,3,3,Yes — every colour,No,No,No,3,Every colour has a photo,About the same as SanMar's website
Element Rng Spn Cotton Yth Tee,KOI,KOI8070Y,6,6,Yes — every colour,Yes — every colour,No,No,12,Every colour has a photo,About the same as SanMar's website
Canvas Duffel,KOI Accessory,KOI1044,3,3,Yes — every colour,No,No,No,3,Every colour has a photo,Could not count pictures on SanMar's website
Matte Fanny Pack,KOI Accessory,KOI1801,5,5,Yes — every colour,No,Yes — every colour,No,10,Every colour has a photo,About the same as SanMar's website
Matte Sling Bag,KOI Accessory,KOI1802,10,10,Yes — every colour,No,No,No,10,Every colour has a photo,About the same as SanMar's website
Matte Backpack,KOI Accessory,KOI1803,5,5,Yes — every colour,No,No,No,5,Every colour has a photo,About the same as SanMar's website
Matte Handled Backpack,KOI Accessory,KOI1804,4,4,Yes — every colour,Some colours,No,No,5,Every colour has a photo,About the same as SanMar's website
Matte Carryall Large Tote,KOI Accessory,KOI1805,4,4,Yes — every colour,Some colours,No,No,6,Every colour has a photo,About the same as SanMar's website
Matte Hip Pack 1.5L,KOI Accessory,KOI1806,10,10,Yes — every colour,Some colours,No,No,11,Every colour has a photo,About the same as SanMar's website
Matte Quilted Barrel Duffel,KOI Accessory,KOI1808,3,3,Yes — every colour,Some colours,No,No,4,Every colour has a photo,About the same as SanMar's website
Cotton Twill Snapback Cap,KOI Accessory,KOI1831,10,10,Yes — every colour,Yes — every colour,Some colours,No,29,Every colour has a photo,About the same as SanMar's website
KOI Matte Snapback Cap,KOI Accessory,KOI1835,9,9,Yes — every colour,Yes — every colour,No,No,18,Every colour has a photo,About the same as SanMar's website
Ship Cinch Bag,Marketing,SHIPCINCH,1,1,Yes — every colour,No,No,No,1,Every colour has a photo,Could not count pictures on SanMar's website
Recycled Cuff Beanie,New Era,NE907,1,1,Yes — every colour,No,No,No,1,Every colour has a photo,About the same as SanMar's website
Dry 1/2 Zip Cover Up,Nike,NKBV6044,1,1,Yes — every colour,No,No,Yes,1,Every colour has a photo,About the same as SanMar's website
Team Cuffed Beanie,Nike,NKFB6539,3,3,Yes — every colour,Yes — every colour,No,No,6,Every colour has a photo,About the same as SanMar's website
Dri-FIT Striated Polo,Nike,NKFQ4792,2,2,Yes — every colour,No,No,Yes,2,Every colour has a photo,About the same as SanMar's website
Limit Polo,OGIO Apparel,OG138,6,6,Yes — every colour,No,No,Yes,6,Every colour has a photo,Not listed on SanMar's public website
Big Dome Duffel,OGIO Bags,108087,2,2,Yes — every colour,No,No,No,2,Every colour has a photo,About the same as SanMar's website
Rage Duffel,OGIO Bags,108089,1,1,Yes — every colour,No,No,No,1,Every colour has a photo,About the same as SanMar's website
Colton Backpack,OGIO Bags,411063,1,1,Yes — every colour,No,No,No,1,Every colour has a photo,Could not count pictures on SanMar's website
Mercur Backpack,OGIO Bags,411065,1,1,Yes — every colour,No,No,No,1,Every colour has a photo,About the same as SanMar's website
Excelsior Backpack,OGIO Bags,411069,1,1,Yes — every colour,No,No,No,1,Every colour has a photo,About the same as SanMar's website
"Bolt 17"" Laptop Backpack",OGIO Bags,411087,1,1,Yes — every colour,No,Yes — every colour,No,2,Every colour has a photo,About the same as SanMar's website
Logan Pack,OGIO Bags,411092,1,1,Yes — every colour,No,Yes — every colour,No,2,Every colour has a photo,About the same as SanMar's website
Metro Backpack,OGIO Bags,711105,1,1,Yes — every colour,No,No,No,1,Every colour has a photo,About the same as SanMar's website
Catalyst Duffel,OGIO Bags,95001,1,1,Yes — every colour,No,Yes — every colour,No,2,Every colour has a photo,About the same as SanMar's website
Revolve Spinner,OGIO Bags,98000,1,1,Yes — every colour,No,No,No,1,Every colour has a photo,About the same as SanMar's website
Endurance Fulcrum F/Z,OGIO Endurance,OE700,1,1,Yes — every colour,No,No,Yes,1,Every colour has a photo,About the same as SanMar's website
Oxford Polo,Penguin,OGKBA001,2,2,Yes — every colour,No,No,Yes,2,Every colour has a photo,About the same as SanMar's website
Clubhouse Mock Pullover,Penguin,OGKSA049,1,1,Yes — every colour,No,Yes — every colour,Yes,2,Every colour has a photo,Could not count pictures on SanMar's website
Veronica Ladies Polo,Penguin,OGKSE048,2,2,Yes — every colour,No,No,Yes,2,Every colour has a photo,Could not count pictures on SanMar's website
F SS Chef Coat with Mimix & OB,Red Kap,045X,1,1,Yes — every colour,No,No,No,1,Every colour has a photo,About the same as SanMar's website
SS ChefCoat w/ Mimix & OILBLOK,Red Kap,046X,2,2,Yes — every colour,No,No,No,2,Every colour has a photo,About the same as SanMar's website
DUCK CHORE COAT,Red Kap,LC53,1,1,Yes — every colour,No,No,No,1,Every colour has a photo,About the same as SanMar's website
Red Kap Cargo Shorts,Red Kap,PT66,2,2,Yes — every colour,No,No,No,2,Every colour has a photo,About the same as SanMar's website
M IQ LS Lightweight Shirt,Red Kap,QS50,1,1,Yes — every colour,No,No,No,1,Every colour has a photo,Could not count pictures on SanMar's website
INDUSTRIAL L/SLEEVE WORK SHIRT,Red Kap,SP14,6,6,Yes — every colour,No,Yes — every colour,No,12,Every colour has a photo,Could not count pictures on SanMar's website
INDUSTRIAL S/SLEEVE WORK SHIRT,Red Kap,SP24,6,6,Yes — every colour,No,Yes — every colour,No,12,Every colour has a photo,Could not count pictures on SanMar's website
Men's Flex Knit Henley,Red Kap,STL2,1,1,Yes — every colour,No,No,No,1,Every colour has a photo,Could not count pictures on SanMar's website
M SS MIMIX AUTO OILBLOK,Red Kap,SX46,1,1,Yes — every colour,No,No,No,1,Every colour has a photo,Could not count pictures on SanMar's website
Unknown Product,(name not filled in yet),CGW212,4,4,Yes — every colour,No,Yes — every colour,Yes,8,Every colour has a photo; SanMar's site has extra pictures,SanMar website shows more pictures (12 vs our 8)
Unknown Product,(name not filled in yet),L3520,7,7,Yes — every colour,No,Yes — every colour,No,14,Every colour has a photo; SanMar's site has extra pictures,SanMar website shows more pictures (48 vs our 14)
Unknown Product,(name not filled in yet),NKDC2104,3,3,Yes — every colour,No,No,Yes,3,Every colour has a photo; SanMar's site has extra pictures,SanMar website shows more pictures (6 vs our 3)
Unknown Product,(name not filled in yet),TJ7603,3,3,Yes — every colour,No,Yes — every colour,No,6,Every colour has a photo; SanMar's site has extra pictures,SanMar website shows more pictures (12 vs our 6)
Unknown Product,(name not filled in yet),WERK1332,3,3,Yes — every colour,Yes — every colour,No,No,6,Every colour has a photo; SanMar's site has extra pictures,SanMar website shows more pictures (9 vs our 6)
Performance Wristband,ATC Accessories,ATCWBAND,3,3,Yes — every colour,No,No,No,3,Every colour has a photo; SanMar's site has extra pictures,SanMar website shows more pictures (7 vs our 3)
Retro Barrel Duffel,ATC Accessories,B1033,4,4,Yes — every colour,No,No,No,4,Every colour has a photo; SanMar's site has extra pictures,SanMar website shows more pictures (7 vs our 4)
Everyday Earth Wash L/S Tee,ATC Earth Wash,ATC6015,6,6,Yes — every colour,Yes — every colour,No,No,12,Every colour has a photo; SanMar's site has extra pictures,SanMar website shows more pictures (16 vs our 12)
Everyday Earth Wash Tee,ATC Earth Wash,ATC6040,14,14,Yes — every colour,Yes — every colour,No,No,28,Every colour has a photo; SanMar's site has extra pictures,SanMar website shows more pictures (33 vs our 28)
Everyday Earth Wash Ladies Tee,ATC Earth Wash,ATC6040L,11,11,Yes — every colour,Yes — every colour,No,No,22,Every colour has a photo; SanMar's site has extra pictures,SanMar website shows more pictures (30 vs our 22)
Everyday Earth Wash Youth Tee,ATC Earth Wash,ATC6040Y,11,11,Yes — every colour,Some colours,No,No,21,Every colour has a photo; SanMar's site has extra pictures,SanMar website shows more pictures (28 vs our 21)
Everyday Earth Wash Crewneck,ATC Earth Wash,ATCF6400,8,8,Yes — every colour,Yes — every colour,No,No,16,Every colour has a photo; SanMar's site has extra pictures,SanMar website shows more pictures (21 vs our 16)
Essential Performance Tee,ATC Essentials,ATC3700,10,10,Yes — every colour,Yes — every colour,No,No,20,Every colour has a photo; SanMar's site has extra pictures,SanMar website shows more pictures (32 vs our 20)
Essential Performance Lds Tee,ATC Essentials,ATC3700L,10,10,Yes — every colour,Yes — every colour,No,No,20,Every colour has a photo; SanMar's site has extra pictures,SanMar website shows more pictures (28 vs our 20)
Essential Performance Yth Tee,ATC Essentials,ATC3700Y,10,10,Yes — every colour,Yes — every colour,No,No,20,Every colour has a photo; SanMar's site has extra pictures,SanMar website shows more pictures (28 vs our 20)
Essential Performance LS Tee,ATC Essentials,ATC3715,6,6,Yes — every colour,Yes — every colour,No,No,12,Every colour has a photo; SanMar's site has extra pictures,SanMar website shows more pictures (18 vs our 12)
Essential Performance Yth LS T,ATC Essentials,ATC3715Y,6,6,Yes — every colour,Yes — every colour,No,No,12,Every colour has a photo; SanMar's site has extra pictures,SanMar website shows more pictures (18 vs our 12)
Essential Perf Fleece FZ Hood,ATC Essentials,ATCF2110,3,3,Yes — every colour,Yes — every colour,No,No,6,Every colour has a photo; SanMar's site has extra pictures,SanMar website shows more pictures (9 vs our 6)
Essential Perf Fleece 1/4 Zip,ATC Essentials,ATCF2130,3,3,Yes — every colour,Yes — every colour,No,No,6,Every colour has a photo; SanMar's site has extra pictures,SanMar website shows more pictures (9 vs our 6)
Essential Perf Fleece Pant,ATC Essentials,ATCF2180,3,3,Yes — every colour,Yes — every colour,No,No,6,Every colour has a photo; SanMar's site has extra pictures,SanMar website shows more pictures (9 vs our 6)
Essential Perf Youth Sweatpant,ATC Essentials,ATCY2180,3,3,Yes — every colour,Yes — every colour,No,No,6,Every colour has a photo; SanMar's site has extra pictures,SanMar website shows more pictures (9 vs our 6)
Ring Spun Yth Tee,ATC EuroSpun,ATC8000Y,11,11,Yes — every colour,No,Some colours,No,21,Every colour has a photo; SanMar's site has extra pictures,SanMar website shows more pictures (49 vs our 21)
Ring Spun Tank,ATC EuroSpun,ATC8004,1,1,Yes — every colour,No,Yes — every colour,No,2,Every colour has a photo; SanMar's site has extra pictures,SanMar website shows more pictures (22 vs our 2)
Everyday Pkt Tee,ATC Everyday,ATC1000P,6,6,Yes — every colour,No,Some colours,No,10,Every colour has a photo; SanMar's site has extra pictures,SanMar website shows more pictures (16 vs our 10)
Game Day Fleece F/Z Hooded,ATC Gameday,F2004,1,1,Yes — every colour,No,Yes — every colour,No,2,Every colour has a photo; SanMar's site has extra pictures,SanMar website shows more pictures (9 vs our 2)
Everyday Cotton Twill Dad Cap,ATC Headwear,C1305,5,5,Yes — every colour,No,No,No,5,Every colour has a photo; SanMar's site has extra pictures,SanMar website shows more pictures (16 vs our 5)
5 Panel Foam Trucker Cap,ATC Headwear,C1327,6,6,Yes — every colour,Yes — every colour,No,No,12,Every colour has a photo; SanMar's site has extra pictures,SanMar website shows more pictures (30 vs our 12)
PTech Fleece Hooded Sweatshirt,ATC PTech,F220,1,1,Yes — every colour,No,Yes — every colour,No,2,Every colour has a photo; SanMar's site has extra pictures,SanMar website shows more pictures (15 vs our 2)
ProTeam S/S Lds' Tee,ATC Pro Team,L350,13,13,Yes — every colour,No,Yes — every colour,No,26,Every colour has a photo; SanMar's site has extra pictures,SanMar website shows more pictures (44 vs our 26)
ProTeam Sleeveless V-Neck Lds',ATC Pro Team,L3527,10,10,Yes — every colour,No,Some colours,No,18,Every colour has a photo; SanMar's site has extra pictures,SanMar website shows more pictures (30 vs our 18)
Pro Club Youth Tee,ATC Pro Team,Y3550,10,10,Yes — every colour,Yes — every colour,No,No,20,Every colour has a photo; SanMar's site has extra pictures,SanMar website shows more pictures (28 vs our 20)
"Pro Team 5"" Yth Short w/Pocket",ATC Pro Team,Y357P,5,5,Yes — every colour,Yes — every colour,No,No,10,Every colour has a photo; SanMar's site has extra pictures,SanMar website shows more pictures (15 vs our 10)
Pro Spun Tee,ATC ProSpun,ATC3600,6,6,Yes — every colour,No,Yes — every colour,No,12,Every colour has a photo; SanMar's site has extra pictures,SanMar website shows more pictures (33 vs our 12)
Pro Spun Lds' Tee,ATC ProSpun,ATC3600L,9,9,Yes — every colour,No,Yes — every colour,No,18,Every colour has a photo; SanMar's site has extra pictures,SanMar website shows more pictures (33 vs our 18)
Pro Spun Yth Tee,ATC ProSpun,ATC3600Y,5,5,Yes — every colour,No,Yes — every colour,No,10,Every colour has a photo; SanMar's site has extra pictures,SanMar website shows more pictures (33 vs our 10)
Pro Spun L/S Tee,ATC ProSpun,ATC3615,4,4,Yes — every colour,No,Yes — every colour,No,8,Every colour has a photo; SanMar's site has extra pictures,SanMar website shows more pictures (12 vs our 8)
ProSpun Ladies Long Sleeve Tee,ATC ProSpun,ATC3615L,2,2,Yes — every colour,No,No,Yes,2,Every colour has a photo; SanMar's site has extra pictures,SanMar website shows more pictures (9 vs our 2)
Yukon Hooded Bomber Jacket,ATC WeRK,WERK7645,3,3,Yes — every colour,Yes — every colour,No,No,6,Every colour has a photo; SanMar's site has extra pictures,SanMar website shows more pictures (9 vs our 6)
Canvas Snapback Cap,ATC WeRK Accsry,WERK1331,3,3,Yes — every colour,Yes — every colour,No,No,6,Every colour has a photo; SanMar's site has extra pictures,SanMar website shows more pictures (9 vs our 6)
Authentic Colours HVYWGHT TEE,AuthenticColour,ATC1700,20,20,Yes — every colour,Yes — every colour,No,No,40,Every colour has a photo; SanMar's site has extra pictures,SanMar website shows more pictures (46 vs our 40)
Authentic Colours hvwt wms tee,AuthenticColour,ATC1700L,10,10,Yes — every colour,Yes — every colour,No,No,20,Every colour has a photo; SanMar's site has extra pictures,SanMar website shows more pictures (27 vs our 20)
Authentic Colours YTH HVYW TEE,AuthenticColour,ATC1700Y,10,10,Yes — every colour,Yes — every colour,No,No,20,Every colour has a photo; SanMar's site has extra pictures,SanMar website shows more pictures (27 vs our 20)
Everyday Snag Resist Lds Polo,CH Everyday,L365,16,16,Yes — every colour,Yes — every colour,No,No,32,Every colour has a photo; SanMar's site has extra pictures,SanMar website shows more pictures (37 vs our 32)
Everyday Snag Resist Yth Polo,CH Everyday,Y365,6,6,Yes — every colour,Yes — every colour,No,No,12,Every colour has a photo; SanMar's site has extra pictures,SanMar website shows more pictures (19 vs our 12)
Essential Go To Puffy Jacket,CH Outerwear,CH7690,6,6,Yes — every colour,Yes — every colour,No,No,12,Every colour has a photo; SanMar's site has extra pictures,SanMar website shows more pictures (15 vs our 12)
Essential Go To Puffy Yth Jckt,CH Outerwear,CH7690Y,5,5,Yes — every colour,Yes — every colour,No,No,10,Every colour has a photo; SanMar's site has extra pictures,SanMar website shows more pictures (15 vs our 10)
Essential Go To Puffy Lds Vest,CH Outerwear,CH7691L,6,6,Yes — every colour,No,No,No,6,Every colour has a photo; SanMar's site has extra pictures,SanMar website shows more pictures (14 vs our 6)
Essential Go To Puffy Yth Vest,CH Outerwear,CH7691Y,5,5,Yes — every colour,No,No,No,5,Every colour has a photo; SanMar's site has extra pictures,SanMar website shows more pictures (15 vs our 5)
Essential Windbreaker Jacket,CH Outerwear,J7700,5,5,Yes — every colour,Yes — every colour,No,No,10,Every colour has a photo; SanMar's site has extra pictures,SanMar website shows more pictures (15 vs our 10)
Everyday Soft Shell Yth Jkt,CH Outerwear,Y7603,3,3,Yes — every colour,No,Yes — every colour,No,6,Every colour has a photo; SanMar's site has extra pictures,SanMar website shows more pictures (9 vs our 6)
Tech Mesh Snag Resist Lds'Polo,CH Sport Shirts,L3561,1,1,Yes — every colour,No,Yes — every colour,No,2,Every colour has a photo; SanMar's site has extra pictures,SanMar website shows more pictures (27 vs our 2)
Snag Proof Power Lds' Polo,CH Sport Shirts,L4005,1,1,Yes — every colour,No,Yes — every colour,No,2,Every colour has a photo; SanMar's site has extra pictures,SanMar website shows more pictures (27 vs our 2)
Pro Team Ladies Polo,CH Sport Shirts,L4039,11,11,Yes — every colour,No,No,No,11,Every colour has a photo; SanMar's site has extra pictures,SanMar website shows more pictures (20 vs our 11)
Snag Resist Lds' Polo,CH Sport Shirts,L445,14,14,Yes — every colour,No,Yes — every colour,No,28,Every colour has a photo; SanMar's site has extra pictures,SanMar website shows more pictures (41 vs our 28)
Snag Resist Yth Polo,CH Sport Shirts,Y445,4,4,Yes — every colour,No,Some colours,No,7,Every colour has a photo; SanMar's site has extra pictures,SanMar website shows more pictures (13 vs our 7)
Everyday L/S Woven Shirt,CH Wovens,D6013,5,5,Yes — every colour,No,Yes — every colour,No,10,Every colour has a photo; SanMar's site has extra pictures,SanMar website shows more pictures (24 vs our 10)
Everyday LongSleeve Lds' Woven,CH Wovens,L6013,5,5,Yes — every colour,No,Yes — every colour,No,10,Every colour has a photo; SanMar's site has extra pictures,SanMar website shows more pictures (24 vs our 10)
Everyday ShortSleeve Lds'Woven,CH Wovens,L6021,4,4,Yes — every colour,No,Yes — every colour,No,8,Every colour has a photo; SanMar's site has extra pictures,SanMar website shows more pictures (25 vs our 8)
Tri-Tech Hard Shell Lds' Jkt,DryFrame,DF7672L,5,5,Yes — every colour,No,Some colours,No,9,Every colour has a photo; SanMar's site has extra pictures,SanMar website shows more pictures (13 vs our 9)
Dry Tech Insulated Vest,DryFrame,DF7673,1,1,Yes — every colour,No,Yes — every colour,No,2,Every colour has a photo; SanMar's site has extra pictures,SanMar website shows more pictures (9 vs our 2)
Dry Tech Insulated Lds' Vest,DryFrame,DF7673L,1,1,Yes — every colour,No,Yes — every colour,No,2,Every colour has a photo; SanMar's site has extra pictures,SanMar website shows more pictures (7 vs our 2)
Tahoma 2 Panel Cap,INIVI,IV152,1,1,Yes — every colour,No,No,No,1,Every colour has a photo; SanMar's site has extra pictures,SanMar website shows more pictures (11 vs our 1)
Element Ring Spun CVC Tee,KOI,KOI8060,8,8,Yes — every colour,No,Some colours,No,15,Every colour has a photo; SanMar's site has extra pictures,SanMar website shows more pictures (23 vs our 15)
Element Ring Spun CVC Lds Tee,KOI,KOI8060L,8,8,Yes — every colour,No,Some colours,No,15,Every colour has a photo; SanMar's site has extra pictures,SanMar website shows more pictures (22 vs our 15)
Element Rng Spn Cotton LS Tee,KOI,KOI8075,4,4,Yes — every colour,Yes — every colour,No,No,8,Every colour has a photo; SanMar's site has extra pictures,SanMar website shows more pictures (11 vs our 8)
Canvas Backpack,KOI Accessory,KOI1043,3,3,Yes — every colour,No,No,No,3,Every colour has a photo; SanMar's site has extra pictures,SanMar website shows more pictures (6 vs our 3)
Recycled Snapback Cap,New Era,NE208,2,2,Yes — every colour,Yes — every colour,No,No,4,Every colour has a photo; SanMar's site has extra pictures,SanMar website shows more pictures (8 vs our 4)
Tech Basic Dri-FIT Polo,Nike,203690,5,5,Yes — every colour,No,No,Yes,5,Every colour has a photo; SanMar's site has extra pictures,SanMar website shows more pictures (8 vs our 5)
Tech Basic Dri-FIT Ladies Polo,Nike,203697,5,5,Yes — every colour,No,No,Yes,5,Every colour has a photo; SanMar's site has extra pictures,SanMar website shows more pictures (8 vs our 5)
Dri-FIT Cotton/Poly Long Sleev,Nike,NKBQ5230,4,4,Yes — every colour,No,No,Yes,4,Every colour has a photo; SanMar's site has extra pictures,SanMar website shows more pictures (8 vs our 4)
Heritage Cotton Twill Cap,Nike,NKFB5677,3,3,Yes — every colour,Yes — every colour,No,No,6,Every colour has a photo; SanMar's site has extra pictures,SanMar website shows more pictures (9 vs our 6)
DriFIT Perf Performace Cap,Nike,NKFB6445,3,3,Yes — every colour,No,No,No,3,Every colour has a photo; SanMar's site has extra pictures,SanMar website shows more pictures (6 vs our 3)
DriFIT Legacy Cap,Nike,NKFB6447,3,3,Yes — every colour,No,No,No,3,Every colour has a photo; SanMar's site has extra pictures,SanMar website shows more pictures (9 vs our 3)
Jewel Lds' Polo,OGIO Apparel,LOG101,6,6,Yes — every colour,No,Yes — every colour,Yes,12,Every colour has a photo; SanMar's site has extra pictures,SanMar website shows more pictures (20 vs our 12)
Caliber 2.0 Polo,OGIO Apparel,OG101,6,6,Yes — every colour,No,Yes — every colour,Yes,12,Every colour has a photo; SanMar's site has extra pictures,SanMar website shows more pictures (16 vs our 12)
Slate Polo,OGIO Apparel,OG143,3,3,Yes — every colour,No,No,Yes,3,Every colour has a photo; SanMar's site has extra pictures,SanMar website shows more pictures (6 vs our 3)
Unknown Product,(name not filled in yet),ATC2000,8,6,Some colours,Some colours,No,No,12,Most colours have a photo,SanMar website shows more pictures (26 vs our 12)
Unknown Product,(name not filled in yet),ATC2015,8,6,Some colours,Some colours,No,No,12,Most colours have a photo,SanMar website shows more pictures (24 vs our 12)
Unknown Product,(name not filled in yet),ATCF2400,20,14,Some colours,No,Some colours,No,19,Most colours have a photo,SanMar website shows more pictures (61 vs our 19)
Unknown Product,(name not filled in yet),ATCF2500,32,23,Some colours,Some colours,Some colours,No,39,Most colours have a photo,SanMar website shows more pictures (84 vs our 39)
Unknown Product,(name not filled in yet),ATCY2500,26,20,Some colours,Some colours,Some colours,No,41,Most colours have a photo,SanMar website shows more pictures (69 vs our 41)
Unknown Product,(name not filled in yet),KOI2250,12,11,Some colours,Some colours,No,No,22,Most colours have a photo,About the same as SanMar's website
Unknown Product,(name not filled in yet),KOI8070L,8,7,Some colours,Some colours,No,No,8,Most colours have a photo,SanMar website shows more pictures (15 vs our 8)
Unknown Product,(name not filled in yet),L7603,5,4,Some colours,No,Some colours,No,8,Most colours have a photo,SanMar website shows more pictures (14 vs our 8)
Everyday Cinch Pack,ATC Accessories,B120,10,9,Some colours,No,No,No,9,Most colours have a photo,About the same as SanMar's website
Essential Performance Hood,ATC Essentials,ATCF2100,12,11,Some colours,Some colours,No,No,22,Most colours have a photo,SanMar website shows more pictures (34 vs our 22)
Essential Yth Performance Hood,ATC Essentials,ATCY2100,12,11,Some colours,Some colours,No,No,22,Most colours have a photo,SanMar website shows more pictures (34 vs our 22)
Ring Spun Tee,ATC EuroSpun,ATC8000,19,14,Some colours,No,Some colours,No,28,Most colours have a photo,SanMar website shows more pictures (73 vs our 28)
Ring Spun Lds' Tee,ATC EuroSpun,ATC8000L,5,4,Some colours,No,Some colours,No,8,Most colours have a photo,SanMar website shows more pictures (51 vs our 8)
Ring Spun V-Neck Lds' Tee,ATC EuroSpun,ATC8001L,14,10,Some colours,No,Some colours,No,20,Most colours have a photo,SanMar website shows more pictures (67 vs our 20)
Ring Spun L/S Tee,ATC EuroSpun,ATC8015,7,6,Some colours,No,Some colours,No,11,Most colours have a photo,SanMar website shows more pictures (22 vs our 11)
Everyday Cotton Tee,ATC Everyday,ATC1000,50,42,Some colours,Some colours,Some colours,No,62,Most colours have a photo,SanMar website shows more pictures (168 vs our 62)
Everyday Cotton Lds' Tee,ATC Everyday,ATC1000L,26,23,Some colours,Some colours,Some colours,No,40,Most colours have a photo,SanMar website shows more pictures (85 vs our 40)
Everyday Cotton Tall Tee,ATC Everyday,ATC1000T,9,8,Some colours,No,No,No,8,Most colours have a photo,About the same as SanMar's website
Everyday Cotton Youth Tee,ATC Everyday,ATC1000Y,34,29,Some colours,No,Some colours,No,46,Most colours have a photo,SanMar website shows more pictures (114 vs our 46)
Everyday Cotton Sleeveless Tee,ATC Everyday,ATC1002,5,4,Some colours,No,No,No,4,Most colours have a photo,SanMar website shows more pictures (15 vs our 4)
Everyday Cotton Tank Top,ATC Everyday,ATC1004,7,6,Some colours,No,Some colours,No,12,Most colours have a photo,SanMar website shows more pictures (23 vs our 12)
Everyday Cotton Lds' Tank Top,ATC Everyday,ATC1004L,7,6,Some colours,No,Some colours,No,12,Most colours have a photo,SanMar website shows more pictures (22 vs our 12)
Everyday Cotton L/S Tee,ATC Everyday,ATC1015,28,22,Some colours,Some colours,Some colours,No,36,Most colours have a photo,SanMar website shows more pictures (75 vs our 36)
Everyday Cotton L/S Yth Tee,ATC Everyday,ATC1015Y,13,11,Some colours,No,Some colours,No,22,Most colours have a photo,SanMar website shows more pictures (37 vs our 22)
Everyday Cotton Blend LS Tee,ATC Everyday,ATC5015,5,4,Some colours,No,No,No,4,Most colours have a photo,SanMar website shows more pictures (15 vs our 4)
Everyday Cotton Blend Tee,ATC Everyday,ATC5050,29,25,Some colours,No,Some colours,No,38,Most colours have a photo,SanMar website shows more pictures (70 vs our 38)
Everyday Cotton Blend Yth Tee,ATC Everyday,ATC5050Y,29,25,Some colours,No,Some colours,No,38,Most colours have a photo,SanMar website shows more pictures (70 vs our 38)
Everyday Fleece F/Z Hooded,ATC Everyday,ATCF2600,20,15,Some colours,Some colours,Some colours,No,29,Most colours have a photo,SanMar website shows more pictures (55 vs our 29)
Core Hooded Sweatshirt,ATC FleeceCore,F2016,4,3,Some colours,No,Some colours,No,6,Most colours have a photo,SanMar website shows more pictures (18 vs our 6)
Core F/Z Hooded Sweatshirt,ATC FleeceCore,F2018,4,3,Some colours,No,Some colours,No,6,Most colours have a photo,SanMar website shows more pictures (18 vs our 6)
Core Hooded Yth Sweatshirt,ATC FleeceCore,Y2016,4,3,Some colours,No,Some colours,No,5,Most colours have a photo,SanMar website shows more pictures (18 vs our 5)
One Ten Mesh Back Cap,ATC Flexfit,ATC110M,8,7,Some colours,No,Some colours,No,11,Most colours have a photo,SanMar website shows more pictures (24 vs our 11)
YP 5 Panel Classic Trucker Cap,ATC Flexfit,ATC6006,10,7,Some colours,Some colours,No,No,14,Most colours have a photo,SanMar website shows more pictures (29 vs our 14)
Wooly Combed,ATC Flexfit,ATC6277,11,10,Some colours,Some colours,Some colours,No,29,Most colours have a photo,About the same as SanMar's website
Everyday Knit Cuff Toque,ATC Headwear,C100,29,24,Some colours,No,No,No,24,Most colours have a photo,About the same as SanMar's website
Everyday Cotton Twill Cap,ATC Headwear,C130,22,19,Some colours,No,Some colours,No,34,Most colours have a photo,SanMar website shows more pictures (40 vs our 34)
Pigment Dyed Cap,ATC Headwear,C1321,9,8,Some colours,Some colours,No,No,9,Most colours have a photo,SanMar website shows more pictures (24 vs our 9)
Pigment Dyed Trucker Cap,ATC Headwear,C1322,7,6,Some colours,Some colours,No,No,7,Most colours have a photo,SanMar website shows more pictures (19 vs our 7)
Everyday 5-Panel Cotton Cap,ATC Headwear,C1340,12,10,Some colours,Some colours,No,No,20,Most colours have a photo,SanMar website shows more pictures (33 vs our 20)
Everyday 5-Panel Trucker Cap,ATC Headwear,C1342,9,7,Some colours,Some colours,No,No,14,Most colours have a photo,SanMar website shows more pictures (27 vs our 14)
Everyday Youth Cuffed Toque,ATC Headwear,Y100,6,5,Some colours,No,No,No,5,Most colours have a photo,About the same as SanMar's website
Everyday CottonTwill Youth Cap,ATC Headwear,Y130,12,11,Some colours,No,Some colours,No,21,Most colours have a photo,About the same as SanMar's website
ProTeam S/S Tee,ATC Pro Team,S350,17,15,Some colours,No,Some colours,No,27,Most colours have a photo,Could not count pictures on SanMar's website
ProTeam Shorts,ATC Pro Team,S355,7,5,Some colours,Some colours,Some colours,No,11,Most colours have a photo,Could not count pictures on SanMar's website
ProTeam S/S Yth Tee,ATC Pro Team,Y350,18,16,Some colours,No,Some colours,No,32,Most colours have a photo,SanMar website shows more pictures (49 vs our 32)
24EVER Ringspun Cotton Lds Tee,ATC Ringspun,24EVERL,24,19,Some colours,Some colours,No,No,38,Most colours have a photo,SanMar website shows more pictures (52 vs our 38)
24EVER Ringspun Cotton LS Tee,ATC Ringspun,24EVERLS,11,8,Some colours,Some colours,No,No,16,Most colours have a photo,Could not count pictures on SanMar's website
24EVER Ringspun Cotton Yth Tee,ATC Ringspun,24EVERY,25,20,Some colours,Some colours,No,No,40,Most colours have a photo,SanMar website shows more pictures (55 vs our 40)
Everyday Ctn Ringspun Lds Tee,ATC Ringspun,ATC2000L,8,6,Some colours,Some colours,No,No,12,Most colours have a photo,SanMar website shows more pictures (24 vs our 12)
Everyday Ctn Ringspun Yth Tee,ATC Ringspun,ATC2000Y,8,6,Some colours,Some colours,No,No,12,Most colours have a photo,SanMar website shows more pictures (25 vs our 12)
Unisex Tri-Blend Tee,Allmade,AL2004CA,10,7,Some colours,No,Some colours,Yes,14,Most colours have a photo,About the same as SanMar's website
Womens TriBlend Scoop Neck Tee,Allmade,AL2015CA,10,7,Some colours,No,Some colours,Yes,14,Most colours have a photo,About the same as SanMar's website
Youth Tri-Blend Tee,Allmade,AL207CA,10,7,Some colours,No,Some colours,Yes,14,Most colours have a photo,About the same as SanMar's website
Unisex Organic Cotton Tee,Allmade,AL2100CA,10,8,Some colours,No,Some colours,Yes,16,Most colours have a photo,About the same as SanMar's website
Women Organic Cotton Scoop Tee,Allmade,AL2108CA,10,8,Some colours,No,Some colours,Yes,16,Most colours have a photo,About the same as SanMar's website
Youth Organic Cotton Tee,Allmade,AL210CA,10,8,Some colours,No,Some colours,Yes,16,Most colours have a photo,About the same as SanMar's website
Unisex Tri-Blend Long Sleeve T,Allmade,AL6004CA,7,5,Some colours,No,Some colours,Yes,10,Most colours have a photo,About the same as SanMar's website
Everyday Lds' Polo,CH Everyday,L4007,9,7,Some colours,No,Some colours,No,14,Most colours have a photo,SanMar website shows more pictures (30 vs our 14)
Essential Go To Puffy Lds Jckt,CH Outerwear,CH7690L,7,6,Some colours,Some colours,No,No,12,Most colours have a photo,SanMar website shows more pictures (15 vs our 12)
Essential Go To Puffy Vest,CH Outerwear,CH7691,7,6,Some colours,No,No,No,6,Most colours have a photo,SanMar website shows more pictures (15 vs our 6)
Everyday Soft Shell Jkt,CH Outerwear,J7603,4,3,Some colours,No,Some colours,No,6,Most colours have a photo,SanMar website shows more pictures (20 vs our 6)
Snag Resist Co Inset Lds' Polo,CH Sport Shirts,L4002,8,6,Some colours,No,Some colours,No,12,Most colours have a photo,SanMar website shows more pictures (32 vs our 12)
Snag Resist Co Inset Polo,CH Sport Shirts,S4002,7,5,Some colours,Some colours,Some colours,No,14,Most colours have a photo,Could not count pictures on SanMar's website
Birdseye Polo,Callaway,CGM692,4,3,Some colours,No,Some colours,Yes,6,Most colours have a photo,SanMar website shows more pictures (9 vs our 6)
Birdseye Lds' Polo,Callaway,CGW693,4,3,Some colours,No,Some colours,Yes,6,Most colours have a photo,SanMar website shows more pictures (9 vs our 6)
Tri-Tech Hard Shell Jkt,DryFrame,DF7672,4,3,Some colours,No,Some colours,No,6,Most colours have a photo,SanMar website shows more pictures (11 vs our 6)
Element Triblend Fleece FZ Hoo,KOI,KOI2052,5,4,Some colours,Some colours,No,No,6,Most colours have a photo,About the same as SanMar's website
Element Triblend Fleece PO Hoo,KOI,KOI2055,5,4,Some colours,Some colours,No,No,6,Most colours have a photo,About the same as SanMar's website
Element French Terry Hood,KOI,KOI2056,6,5,Some colours,Some colours,No,No,10,Most colours have a photo,SanMar website shows more pictures (18 vs our 10)
Element French Terry Crew,KOI,KOI2057,6,5,Some colours,Some colours,No,No,10,Most colours have a photo,SanMar website shows more pictures (18 vs our 10)
Element French Terry 1/4 Zip,KOI,KOI2058,5,4,Some colours,Some colours,No,No,8,Most colours have a photo,SanMar website shows more pictures (15 vs our 8)
Element CFF Crewneck,KOI,KOI2240,12,11,Some colours,Some colours,No,No,22,Most colours have a photo,About the same as SanMar's website
Element TriBlend Tee,KOI,KOI8050,10,8,Some colours,Some colours,No,No,10,Most colours have a photo,About the same as SanMar's website
Element Ring Spun Cotton Tee,KOI,KOI8070,12,11,Some colours,No,No,No,11,Most colours have a photo,SanMar website shows more pictures (21 vs our 11)
Structured Stretch Cotton Cap,New Era,NE1000,8,6,Some colours,Some colours,No,No,12,Most colours have a photo,SanMar website shows more pictures (24 vs our 12)
Adjustable Structured Cap,New Era,NE200,6,5,Some colours,Some colours,No,No,10,Most colours have a photo,SanMar website shows more pictures (15 vs our 10)
Flat Bill Snapback Cap,New Era,NE400,8,6,Some colours,Some colours,No,No,12,Most colours have a photo,SanMar website shows more pictures (25 vs our 12)
Fleece Lined Skull Beanie,New Era,NE900,4,3,Some colours,No,No,No,3,Most colours have a photo,About the same as SanMar's website
Pom Pom Toque,New Era,NE901,5,4,Some colours,No,No,No,4,Most colours have a photo,Could not count pictures on SanMar's website
Dri-FIT Vertical Mesh Lds Polo,Nike,637165,8,7,Some colours,No,No,Yes,7,Most colours have a photo,SanMar website shows more pictures (12 vs our 7)
Dri-FIT Vertical Mesh Polo,Nike,637167,8,7,Some colours,No,No,Yes,7,Most colours have a photo,SanMar website shows more pictures (12 vs our 7)
Club Fleece P/O Corporate Hood,Nike,DR1499,8,6,Some colours,No,No,Yes,6,Most colours have a photo,SanMar website shows more pictures (14 vs our 6)
Club Fleece FZ Corporate Hoody,Nike,DR1513,5,4,Some colours,No,No,Yes,4,Most colours have a photo,SanMar website shows more pictures (10 vs our 4)
Dri-FIT Cotton/Poly Tee,Nike,NKBQ5231,7,5,Some colours,No,No,Yes,5,Most colours have a photo,SanMar website shows more pictures (10 vs our 5)
Dri-FIT Cotton/Poly Lds Tee,Nike,NKBQ5234,5,4,Some colours,No,No,Yes,4,Most colours have a photo,SanMar website shows more pictures (8 vs our 4)
Micro Pique 2.0 Polo,Nike,NKDC1963,9,8,Some colours,No,No,Yes,8,Most colours have a photo,SanMar website shows more pictures (16 vs our 8)
Ladies Micro Pique 2.0,Nike,NKDC1991,9,8,Some colours,No,No,Yes,8,Most colours have a photo,SanMar website shows more pictures (16 vs our 8)
Club Fleece 1/2 Zip Pullover,Nike,NKDX6718,5,4,Some colours,No,No,No,4,Most colours have a photo,SanMar website shows more pictures (10 vs our 4)
Club Fleece Sleeve Swoosh Crew,Nike,NKFD9863,5,4,Some colours,No,Some colours,Yes,8,Most colours have a photo,About the same as SanMar's website
Solid Polo,Penguin,OGM0F4,6,5,Some colours,No,No,Yes,5,Most colours have a photo,About the same as SanMar's website
Solid Ladies Polo,Penguin,OGW0B9,6,5,Some colours,No,No,Yes,5,Most colours have a photo,About the same as SanMar's website
Unknown Product,(name not filled in yet),NF0A52S6,1,0,No,No,No,No,0,No photos in our shop,SanMar website also shows no pictures
Pro Club Reversible Mesh Kit,ATC Pro Team,PROMESHKIT,1,0,No,No,No,No,0,No photos in our shop,SanMar website also shows no pictures
ProTeam ProFormance Tee,ATC Pro Team,S3517,1,0,No,No,No,No,0,No photos in our shop,SanMar website also shows no pictures
ProTeam ProFormance Polo,CH Sport Shirts,S3518,1,0,No,No,No,No,0,No photos in our shop,SanMar website also shows no pictures
M LS TYPE O WORK SHIRT,Red Kap,SY70,1,0,No,No,No,No,0,No photos in our shop,SanMar website also shows no pictures
Unknown Product,(name not filled in yet),0403,1,0,No,No,No,No,0,"No photos in our shop, and not on SanMar's public website",Not listed on SanMar's public website
Unknown Product,(name not filled in yet),ATC3704L,4,0,No,No,No,No,0,"No photos in our shop, and not on SanMar's public website",Not listed on SanMar's public website
Unknown Product,(name not filled in yet),CHBC1102,4,0,No,No,No,No,0,"No photos in our shop, and not on SanMar's public website",Not listed on SanMar's public website
Unknown Product,(name not filled in yet),CHBC1103,4,0,No,No,No,No,0,"No photos in our shop, and not on SanMar's public website",Not listed on SanMar's public website
Unknown Product,(name not filled in yet),CHBC1104,4,0,No,No,No,No,0,"No photos in our shop, and not on SanMar's public website",Not listed on SanMar's public website
Unknown Product,(name not filled in yet),DUMMY,1,0,No,No,No,No,0,"No photos in our shop, and not on SanMar's public website",Not listed on SanMar's public website
Unknown Product,(name not filled in yet),KOI2250Y,7,0,No,No,No,No,0,"No photos in our shop, and not on SanMar's public website",Not listed on SanMar's public website
Unknown Product,(name not filled in yet),NKIB4394,5,0,No,No,No,No,0,"No photos in our shop, and not on SanMar's public website",Not listed on SanMar's public website
Unknown Product,(name not filled in yet),NKIB4408,5,0,No,No,No,No,0,"No photos in our shop, and not on SanMar's public website",Not listed on SanMar's public website
Unknown Product,(name not filled in yet),PC20,1,0,No,No,No,No,0,"No photos in our shop, and not on SanMar's public website",Not listed on SanMar's public website
Unknown Product,(name not filled in yet),SC16,1,0,No,No,No,No,0,"No photos in our shop, and not on SanMar's public website",Not listed on SanMar's public website
Unknown Product,(name not filled in yet),WERK420L,5,0,No,No,No,No,0,"No photos in our shop, and not on SanMar's public website",Not listed on SanMar's public website
Twill Blend Full Length Apron,ATC Accessories,A1080,9,0,No,No,No,No,0,"No photos in our shop, and not on SanMar's public website",Not listed on SanMar's public website
Twill Blend Waist Length Apron,ATC Accessories,A1081,1,0,No,No,No,No,0,"No photos in our shop, and not on SanMar's public website",Not listed on SanMar's public website
Everyday Fleece Youth  1/4 Zip,ATC Everyday,ATCY2700,6,0,No,No,No,No,0,"No photos in our shop, and not on SanMar's public website",Not listed on SanMar's public website
Earth Wash Beanie,ATC Headwear,ATC1600,6,0,No,No,No,No,0,"No photos in our shop, and not on SanMar's public website",Not listed on SanMar's public website
Employee Disposable Glove (Box,ATC PPE,EMPGLOVES,2,0,No,No,No,No,0,"No photos in our shop, and not on SanMar's public website",Not listed on SanMar's public website
Employee Disposable Mask,ATC PPE,EMPMASK,1,0,No,No,No,No,0,"No photos in our shop, and not on SanMar's public website",Not listed on SanMar's public website
Heavyweight RS Ctn Womens Tee,ATC WeRK,WERK250L,5,0,No,No,No,No,0,"No photos in our shop, and not on SanMar's public website",Not listed on SanMar's public website
Authentic Colours LTWGHT Crew,AuthenticColour,ATC1766,15,0,No,No,No,No,0,"No photos in our shop, and not on SanMar's public website",Not listed on SanMar's public website
Authentic Colours LTWT WMS CRW,AuthenticColour,ATC1766L,15,0,No,No,No,No,0,"No photos in our shop, and not on SanMar's public website",Not listed on SanMar's public website
Authentic Colours LGTWT Hoodie,AuthenticColour,ATC1767,15,0,No,No,No,No,0,"No photos in our shop, and not on SanMar's public website",Not listed on SanMar's public website
Authentic Colours LTWT 1/4 Zip,AuthenticColour,ATC1768,10,0,No,No,No,No,0,"No photos in our shop, and not on SanMar's public website",Not listed on SanMar's public website
BASEBALLE LONGSLEEVE,Bella,3000,1,0,No,No,No,No,0,"No photos in our shop, and not on SanMar's public website",Not listed on SanMar's public website
"Boardroom 16"" Laptop Sleeve",CH Accessories,CHBC1105,1,0,No,No,No,No,0,"No photos in our shop, and not on SanMar's public website",Not listed on SanMar's public website
Boardroom Insulated Lunch Bag,CH Accessories,CHBC1106,4,0,No,No,No,No,0,"No photos in our shop, and not on SanMar's public website",Not listed on SanMar's public website
Boardroom Split Toiletry Bag,CH Accessories,CHBC1107,1,0,No,No,No,No,0,"No photos in our shop, and not on SanMar's public website",Not listed on SanMar's public website
Boardroom Garment Bag,CH Accessories,CHBC1108,1,0,No,No,No,No,0,"No photos in our shop, and not on SanMar's public website",Not listed on SanMar's public website
Boardroom 3-pc Packing CubeSet,CH Accessories,CHBC1109,1,0,No,No,No,No,0,"No photos in our shop, and not on SanMar's public website",Not listed on SanMar's public website
Boardroom Tech Organizer Bag,CH Accessories,CHBC1110,1,0,No,No,No,No,0,"No photos in our shop, and not on SanMar's public website",Not listed on SanMar's public website
Essential Snag Resist Lds Polo,CH Everyday,L4045,6,0,No,No,No,No,0,"No photos in our shop, and not on SanMar's public website",Not listed on SanMar's public website
Essential Snag Resist Polo,CH Everyday,S4045,10,0,No,No,No,No,0,"No photos in our shop, and not on SanMar's public website",Not listed on SanMar's public website
Essential Snag Resist L/S Polo,CH Everyday,S4045LS,6,0,No,No,No,No,0,"No photos in our shop, and not on SanMar's public website",Not listed on SanMar's public website
Essential Snag Resist Yth Polo,CH Everyday,Y4045,4,0,No,No,No,No,0,"No photos in our shop, and not on SanMar's public website",Not listed on SanMar's public website
Everyday EC L/S Wov Shirt,CH Wovens,CH6200,7,0,No,No,No,No,0,"No photos in our shop, and not on SanMar's public website",Not listed on SanMar's public website
Everyday EC ShrtSlv Wov Shirt,CH Wovens,CH6201,7,0,No,No,No,No,0,"No photos in our shop, and not on SanMar's public website",Not listed on SanMar's public website
M DICKIES CRGO WK PNT RLXD,Dickies,WP59,3,0,No,No,No,No,0,"No photos in our shop, and not on SanMar's public website",Not listed on SanMar's public website
Element CFF OpnBtm Lds Swtpnt,KOI,KOI2280L,5,0,No,No,No,No,0,"No photos in our shop, and not on SanMar's public website",Not listed on SanMar's public website
Element CFF OpnBtm Yth Swtpnt,KOI,KOI2280Y,4,0,No,No,No,No,0,"No photos in our shop, and not on SanMar's public website",Not listed on SanMar's public website
Opportunitee fundraiser,Marketing,DONATION,1,0,No,No,No,No,0,"No photos in our shop, and not on SanMar's public website",Not listed on SanMar's public website
Marketing Folders,Marketing,FOLDERS,1,0,No,No,No,No,0,"No photos in our shop, and not on SanMar's public website",Not listed on SanMar's public website
CF Wearable Hoodie,Marketing,HOODIECF,2,0,No,No,No,No,0,"No photos in our shop, and not on SanMar's public website",Not listed on SanMar's public website
Thank you cards,Marketing,INSERT,4,0,No,No,No,No,0,"No photos in our shop, and not on SanMar's public website",Not listed on SanMar's public website
Lookbook,Marketing,LOOKBOOK,1,0,No,No,No,No,0,"No photos in our shop, and not on SanMar's public website",Not listed on SanMar's public website
PROMOTIONAL MAGNETS,Marketing,MAGNETS,1,0,No,No,No,No,0,"No photos in our shop, and not on SanMar's public website",Not listed on SanMar's public website
Mint Candy,Marketing,MINTS,1,0,No,No,No,No,0,"No photos in our shop, and not on SanMar's public website",Not listed on SanMar's public website
CF Wearable Tee,Marketing,TEECF,2,0,No,No,No,No,0,"No photos in our shop, and not on SanMar's public website",Not listed on SanMar's public website
Custom Cap,New Era,NE0920,2,0,No,No,No,No,0,"No photos in our shop, and not on SanMar's public website",Not listed on SanMar's public website
FlatBill Snapback Colorblk Cap,New Era,NE8004C,5,0,No,No,No,No,0,"No photos in our shop, and not on SanMar's public website",Not listed on SanMar's public website
MicroPique 2.0 Recycled Polo,Nike,NKFV5507,8,0,No,No,No,No,0,"No photos in our shop, and not on SanMar's public website",Not listed on SanMar's public website
MicroPique 2.0 Recycle Lds Pol,Nike,NKFV5510,8,0,No,No,No,No,0,"No photos in our shop, and not on SanMar's public website",Not listed on SanMar's public website
Brasilia 2.0 Medium Duffel,Nike,NKIB4392,5,0,No,No,No,No,0,"No photos in our shop, and not on SanMar's public website",Not listed on SanMar's public website
MicroPique 2.0 L/S Polo,Nike,NKIO8061,3,0,No,No,No,No,0,"No photos in our shop, and not on SanMar's public website",Not listed on SanMar's public website
Rogue Backpack,OGIO Bags,411042,2,0,No,No,No,No,0,"No photos in our shop, and not on SanMar's public website",Not listed on SanMar's public website
Pursuit Backpack,OGIO Bags,417054,1,0,No,No,No,No,0,"No photos in our shop, and not on SanMar's public website",Not listed on SanMar's public website
Hatch Backpack,OGIO Bags,91001,2,0,No,No,No,No,0,"No photos in our shop, and not on SanMar's public website",Not listed on SanMar's public website
OGIO. ENDURANCE LADIES LS,OGIO Endurance,LOE321,1,0,No,No,No,No,0,"No photos in our shop, and not on SanMar's public website",Not listed on SanMar's public website
OGIO. ENDURANCE LONG SLEEVE,OGIO Endurance,OE321,1,0,No,No,No,No,0,"No photos in our shop, and not on SanMar's public website",Not listed on SanMar's public website
All Over Pete Printed Polo,Penguin,OGKSC0F0,3,0,No,No,No,No,0,"No photos in our shop, and not on SanMar's public website",Not listed on SanMar's public website
Solid Polo,Penguin,OGM0F3,4,0,No,No,No,No,0,"No photos in our shop, and not on SanMar's public website",Not listed on SanMar's public website
Solid Polo,Penguin,OGMOF3,4,0,No,No,No,No,0,"No photos in our shop, and not on SanMar's public website",Not listed on SanMar's public website
WHITE COVERALL-NO BREAST POCKE,Red Kap,CT16,1,0,No,No,No,No,0,"No photos in our shop, and not on SanMar's public website",Not listed on SanMar's public website
W DOW PREM TWL CRGO PANT RELAX,Red Kap,FP72,1,0,No,No,No,No,0,"No photos in our shop, and not on SanMar's public website",Not listed on SanMar's public website
UNISEX WHITE COUNTER JACKET/ES,Red Kap,KK26,1,0,No,No,No,No,0,"No photos in our shop, and not on SanMar's public website",Not listed on SanMar's public website
M PAINTER DUNGAREE,Red Kap,PC80,1,0,No,No,No,No,0,"No photos in our shop, and not on SanMar's public website",Not listed on SanMar's public website
MENS WORKPANT W/ CELLPHONE PKT,Red Kap,PT2C,1,0,No,No,No,No,0,"No photos in our shop, and not on SanMar's public website",Not listed on SanMar's public website
"MEN'S PLEATED TWILL SLACK 34""",Red Kap,PT38,2,0,No,No,No,No,0,"No photos in our shop, and not on SanMar's public website",Not listed on SanMar's public website
MENS RED E PREST NAVY JEAN CUT,Red Kap,PT50NV,1,0,No,No,No,No,0,"No photos in our shop, and not on SanMar's public website",Not listed on SanMar's public website
REDKAP WOMEN'S WORK PANT,Red Kap,PT61BK,4,0,No,No,No,No,0,"No photos in our shop, and not on SanMar's public website",Not listed on SanMar's public website
MENS TWILL 65/35 WORK PANT - B,Red Kap,PT62,1,0,No,No,No,No,0,"No photos in our shop, and not on SanMar's public website",Not listed on SanMar's public website
MEN'S CARGO PANT WITH SNAPS,Red Kap,PT88BK,1,0,No,No,No,No,0,"No photos in our shop, and not on SanMar's public website",Not listed on SanMar's public website
F LS SOLID PERFORMANCE POLO,Red Kap,SK7L,1,0,No,No,No,No,0,"No photos in our shop, and not on SanMar's public website",Not listed on SanMar's public website
M PERF KNIT FLEX PRO POLO,Red Kap,SK90,1,0,No,No,No,No,0,"No photos in our shop, and not on SanMar's public website",Not listed on SanMar's public website
F SS PROFESSIONAL POLO,Red Kap,SK91,2,0,No,No,No,No,0,"No photos in our shop, and not on SanMar's public website",Not listed on SanMar's public website
MNS LS MOTORSPORTS SHIRT,Red Kap,SP18,1,0,No,No,No,No,0,"No photos in our shop, and not on SanMar's public website",Not listed on SanMar's public website
MEN'S INDUSTRIAL STRIPE S/S,Red Kap,SP20CW,1,0,No,No,No,No,0,"No photos in our shop, and not on SanMar's public website",Not listed on SanMar's public website
REDKAP S/S MOTORSPORTS SHIRT,Red Kap,SP28,1,0,No,No,No,No,0,"No photos in our shop, and not on SanMar's public website",Not listed on SanMar's public website
MEN LS TWILL 65/35 WORK SHIRT,Red Kap,ST52,2,0,No,No,No,No,0,"No photos in our shop, and not on SanMar's public website",Not listed on SanMar's public website
M LS Buick/GMC Tech Shirt,Red Kap,SY14,1,0,No,No,No,No,0,"No photos in our shop, and not on SanMar's public website",Not listed on SanMar's public website
LS EN VIS SOLID YELLOW RIPSTOP,Red Kap,SY14YE,1,0,No,No,No,No,0,"No photos in our shop, and not on SanMar's public website",Not listed on SanMar's public website
M SS Buick/GMC Tech Shirt,Red Kap,SY24,1,0,No,No,No,No,0,"No photos in our shop, and not on SanMar's public website",Not listed on SanMar's public website
F LS AUTO OIL REPEL SHIRT,Red Kap,SY31,1,0,No,No,No,No,0,"No photos in our shop, and not on SanMar's public website",Not listed on SanMar's public website
COOLING SHORT SLEEVE POCKET TE,Red Kap,TKM2,2,0,No,No,No,No,0,"No photos in our shop, and not on SanMar's public website",Not listed on SanMar's public website
RED KAP QUILTED VEST POCKET,Red Kap,VT22,1,0,No,No,No,No,0,"No photos in our shop, and not on SanMar's public website",Not listed on SanMar's public website
Error Product,Unknown,PROMO PENS,1,0,No,No,No,No,0,"No photos in our shop, and not on SanMar's public website",Not listed on SanMar's public website
Unknown Product,(name not filled in yet),L2045,3,0,No,No,No,No,0,"No photos in our shop, but SanMar's website has them",SanMar website shows about 12 pictures we do not have
Vintage Thermal L/S Henley,ATC EuroSpun,ATC8064,3,0,No,No,No,No,0,"No photos in our shop, but SanMar's website has them",SanMar website shows about 9 pictures we do not have
Vintage Thermal L/S Lds'Henley,ATC EuroSpun,ATC8064L,1,0,No,No,No,No,0,"No photos in our shop, but SanMar's website has them",SanMar website shows about 9 pictures we do not have
Striped Cuff Pom Pom Toque,ATC Headwear,C1202,3,0,No,No,No,No,0,"No photos in our shop, but SanMar's website has them",SanMar website shows about 3 pictures we do not have
Everyday TRI-Colour Trucker,ATC Headwear,C1318TRI,8,0,No,No,No,No,0,"No photos in our shop, but SanMar's website has them",SanMar website shows about 18 pictures we do not have
Everyday 5-Panel Rope Trucker,ATC Headwear,C1343,10,0,No,No,No,No,0,"No photos in our shop, but SanMar's website has them",SanMar website shows about 40 pictures we do not have
ProTeam ProFormance Lds' Tee,ATC Pro Team,L3517,4,0,No,No,No,No,0,"No photos in our shop, but SanMar's website has them",SanMar website shows about 21 pictures we do not have
Pro Club Team Kit,ATC Pro Team,PROCLUBKIT,1,0,No,No,No,No,0,"No photos in our shop, but SanMar's website has them",SanMar website shows about 1 pictures we do not have
Pro Mesh Reversible Yth Tank,ATC Pro Team,Y3524,1,0,No,No,No,No,0,"No photos in our shop, but SanMar's website has them",SanMar website shows about 12 pictures we do not have
Vintage TwoTone Hooded Sweat,ATC Vintage,F2044,3,0,No,No,No,No,0,"No photos in our shop, but SanMar's website has them",SanMar website shows about 7 pictures we do not have
Vintage Hooded Sweatshirt,ATC Vintage,F2045,3,0,No,No,No,No,0,"No photos in our shop, but SanMar's website has them",SanMar website shows about 12 pictures we do not have
ProTeam Proformance Lds' Polo,CH Sport Shirts,L3518,1,0,No,No,No,No,0,"No photos in our shop, but SanMar's website has them",SanMar website shows about 21 pictures we do not have
M Dow Twl Crgo Pant RLXD,Dickies,LP60,1,0,No,No,No,No,0,"No photos in our shop, but SanMar's website has them",SanMar website shows about 1 pictures we do not have
Stretch Mesh Cap,New Era,NE1020,9,0,No,No,No,No,0,"No photos in our shop, but SanMar's website has them",SanMar website shows about 44 pictures we do not have
Snapback Trucker Cap,New Era,NE205,6,0,No,No,No,No,0,"No photos in our shop, but SanMar's website has them",SanMar website shows about 18 pictures we do not have
Dri-FIT Smooth Hthr Lds Polo,Nike,NKFQ4793,3,0,No,No,No,Yes,0,"No photos in our shop, but SanMar's website has them",SanMar website shows about 6 pictures we do not have
Dri-FIT Smooth Heather Polo,Nike,NKFQ4794,3,0,No,No,No,Yes,0,"No photos in our shop, but SanMar's website has them",SanMar website shows about 6 pictures we do not have
DURA KAP PANT,Red Kap,PT20,9,0,No,No,No,No,0,"No photos in our shop, but SanMar's website has them",SanMar website shows about 9 pictures we do not have
MENS LIGHT WEIGHT CREW PANT,Red Kap,PT2L,1,0,No,No,No,No,0,"No photos in our shop, but SanMar's website has them",SanMar website shows about 1 pictures we do not have
REDKAP INDUSTRIAL CARGO PANT,Red Kap,PT88,6,0,No,No,No,No,0,"No photos in our shop, but SanMar's website has them",SanMar website shows about 7 pictures we do not have
WMNS CARGO POCKET PANT,Red Kap,PT89,2,0,No,No,No,No,0,"No photos in our shop, but SanMar's website has them",SanMar website shows about 1 pictures we do not have
M PRO SHORT W/MIMIX &CARGO PKT,Red Kap,PX52,1,0,No,No,No,No,0,"No photos in our shop, but SanMar's website has them",SanMar website shows about 1 pictures we do not have
Utility Pant with Mimix,Red Kap,PX60,1,0,No,No,No,No,0,"No photos in our shop, but SanMar's website has them",SanMar website shows about 1 pictures we do not have
M IQ LIGHTWEIGHT COMFORT PANT,Red Kap,QP14,1,0,No,No,No,No,0,"No photos in our shop, but SanMar's website has them",SanMar website shows about 1 pictures we do not have
Fall Line Backpack,The North Face,NF0A3KX7,1,0,No,No,No,No,0,"No photos in our shop, but SanMar's website has them",SanMar website shows about 3 pictures we do not have
DryVent Rain Jkt,The North Face,NF0A3LH4,1,0,No,No,No,Yes,0,"No photos in our shop, but SanMar's website has them",SanMar website shows about 2 pictures we do not have
DryVent Lds' Rain Jkt,The North Face,NF0A3LH5,1,0,No,No,No,Yes,0,"No photos in our shop, but SanMar's website has them",SanMar website shows about 2 pictures we do not have
Everyday Insulated Jacket FL,The North Face,NF0A7V6J,1,0,No,No,No,Yes,0,"No photos in our shop, but SanMar's website has them",SanMar website shows about 2 pictures we do not have
Everyday Insulated Ladies FL,The North Face,NF0A7V6K,1,0,No,No,No,Yes,0,"No photos in our shop, but SanMar's website has them",SanMar website shows about 2 pictures we do not have
Ridgewall Ladies SoftShell Jkt,The North Face,NF0A88D4,2,0,No,No,No,Yes,0,"No photos in our shop, but SanMar's website has them",SanMar website shows about 4 pictures we do not have
Ridgewall Soft Shell Jacket,The North Face,NF0A88D5,2,0,No,No,No,Yes,0,"No photos in our shop, but SanMar's website has them",SanMar website shows about 4 pictures we do not have
Unknown Product,(name not filled in yet),CTB0000564,2,1,Some colours,No,No,No,1,Only one colour has a photo,SanMar website shows more pictures (6 vs our 1)
Ring Spun Baseball Tee,ATC EuroSpun,ATC0822,4,1,Some colours,No,Some colours,No,2,Only one colour has a photo,SanMar website shows more pictures (37 vs our 2)
Ring Spun Baseball Yth Tee,ATC EuroSpun,ATC0822Y,3,1,Some colours,No,Some colours,No,2,Only one colour has a photo,SanMar website shows more pictures (34 vs our 2)
Everyday Fleece Jogger,ATC Everyday,ATCF2850,3,1,Some colours,No,No,No,1,Only one colour has a photo,SanMar website shows more pictures (8 vs our 1)
ProTeam Home & Away Yth Jersey,ATC Pro Team,Y3519,7,1,Some colours,No,Some colours,No,2,Only one colour has a photo,SanMar website shows more pictures (57 vs our 2)
Vintage 1/4 Zip Sweatshirt,ATC Vintage,F2042,4,1,Some colours,No,Some colours,No,2,Only one colour has a photo,SanMar website shows more pictures (15 vs our 2)
Essential Fleece FZ Jacket,CH Outerwear,F2010,2,1,Some colours,Some colours,No,No,2,Only one colour has a photo,SanMar website shows more pictures (6 vs our 2)
Essential Fleece Lds FZ Jacket,CH Outerwear,L2010,2,1,Some colours,Some colours,No,No,2,Only one colour has a photo,SanMar website shows more pictures (7 vs our 2)
Everyday S/S Woven Shirt,CH Wovens,D6021,5,1,Some colours,No,Yes — every colour,No,6,Only one colour has a photo,SanMar website shows more pictures (21 vs our 6)
Backpack 20-Can Cooler,Carhartt,CT89132109,2,1,Some colours,No,No,No,1,Only one colour has a photo,SanMar website shows more pictures (4 vs our 1)
"Foundry Series 14"" Tool Bag",Carhartt,CT89240105,2,1,Some colours,No,No,No,1,Only one colour has a photo,SanMar website shows more pictures (6 vs our 1)
25L Ripstop Backpack,Carhartt,CTB0000481,2,1,Some colours,No,No,No,1,Only one colour has a photo,SanMar website shows more pictures (6 vs our 1)
28L Foundry Dual Cmprtmnt Bkpk,Carhartt,CTB0000486,2,1,Some colours,No,Some colours,No,2,Only one colour has a photo,SanMar website shows more pictures (6 vs our 2)
120L Foundry Series Duffel,Carhartt,CTB0000487,2,1,Some colours,No,No,No,1,Only one colour has a photo,SanMar website shows more pictures (6 vs our 1)
Therma-FIT 1/4 Zip Fleece Hood,Nike,NKFD9742,2,1,Some colours,No,Some colours,Yes,2,Only one colour has a photo,About the same as SanMar's website
Lightweight Earl 1/4 Zip,Penguin,OGM100,2,1,Some colours,No,No,Yes,1,Only one colour has a photo,About the same as SanMar's website
Retro Geo Print Polo,Penguin,OGM105,2,1,Some colours,No,No,Yes,1,Only one colour has a photo,About the same as SanMar's website
Down Hybrid Jacket,The North Face,NF0A7V4F,2,1,Some colours,No,No,Yes,1,Only one colour has a photo,SanMar website shows more pictures (4 vs our 1)
Down Hybrid Ladies Jacket,The North Face,NF0A7V4G,2,1,Some colours,No,No,Yes,1,Only one colour has a photo,SanMar website shows more pictures (4 vs our 1)
Unknown Product,(name not filled in yet),ATCY2400,16,10,Some colours,Some colours,No,No,16,Only some colours have a photo,SanMar website shows more pictures (57 vs our 16)
Unknown Product,(name not filled in yet),NKDX6720,3,2,Some colours,No,No,No,2,Only some colours have a photo,SanMar website shows more pictures (6 vs our 2)
EuroSpun Long Sleeve Lds Tee,ATC EuroSpun,ATC8015L,3,2,Some colours,No,No,No,2,Only some colours have a photo,SanMar website shows more pictures (7 vs our 2)
Everyday Fleece Tall Hood,ATC Everyday,ATCF2500T,4,2,Some colours,Some colours,No,No,4,Only some colours have a photo,SanMar website shows more pictures (13 vs our 4)
Everyday Fleece 1/4 Zip,ATC Everyday,ATCF2700,11,7,Some colours,Some colours,Some colours,No,14,Only some colours have a photo,SanMar website shows more pictures (33 vs our 14)
Everyday Fleece Sweatpants,ATC Everyday,ATCF2800,6,3,Some colours,No,Some colours,No,5,Only some colours have a photo,SanMar website shows more pictures (20 vs our 5)
Everyday Fleece Short,ATC Everyday,ATCF2875,3,2,Some colours,No,No,No,2,Only some colours have a photo,SanMar website shows more pictures (7 vs our 2)
Everyday Fleece F/Z Yth Hooded,ATC Everyday,ATCY2600,11,7,Some colours,Some colours,Some colours,No,14,Only some colours have a photo,SanMar website shows more pictures (36 vs our 14)
Everyday Fleece Yth Sweatpants,ATC Everyday,ATCY2800,4,2,Some colours,No,Some colours,No,3,Only some colours have a photo,SanMar website shows more pictures (10 vs our 3)
Core F/Z Hooded Lds'Sweatshirt,ATC FleeceCore,L2018,3,2,Some colours,No,Some colours,No,4,Only some colours have a photo,SanMar website shows more pictures (9 vs our 4)
YP FivePanel Retro Trucker Cap,ATC Flexfit,ATC6506,10,6,Some colours,Some colours,No,No,12,Only some colours have a photo,SanMar website shows more pictures (30 vs our 12)
YP Classics Retro Trucker Cap,ATC Flexfit,ATC6606,22,13,Some colours,Some colours,No,No,25,Only some colours have a photo,About the same as SanMar's website
Everyday Snapback Trucker Cap,ATC Headwear,C1318,24,16,Some colours,No,Some colours,No,31,Only some colours have a photo,SanMar website shows more pictures (57 vs our 31)
ProTeam Home & Away Jersey,ATC Pro Team,S3519,8,3,Some colours,No,Some colours,No,6,Only some colours have a photo,Could not count pictures on SanMar's website
ProTeam Baseball Jersey,ATC Pro Team,S3526,10,3,Some colours,No,Some colours,No,6,Only some colours have a photo,Could not count pictures on SanMar's website
ProTeam Baseball Yth Jersey,ATC Pro Team,Y3526,8,2,Some colours,No,Some colours,No,4,Only some colours have a photo,SanMar website shows more pictures (46 vs our 4)
ProTeam Yth Shorts,ATC Pro Team,Y355,6,4,Some colours,No,Some colours,No,8,Only some colours have a photo,SanMar website shows more pictures (18 vs our 8)
24EVER Ringspun Cotton Tee,ATC Ringspun,24EVER,38,23,Some colours,Some colours,No,No,46,Only some colours have a photo,SanMar website shows more pictures (91 vs our 46)
Vintage Crewneck Sweatshirt,ATC Vintage,F2046,4,2,Some colours,No,Some colours,No,4,Only some colours have a photo,SanMar website shows more pictures (15 vs our 4)
Fleece Lined Knit Cuff Beanie,ATC WeRK Accsry,WERK1207,13,9,Some colours,No,No,No,9,Only some colours have a photo,About the same as SanMar's website
Canvas Snapback Trucker Cap,ATC WeRK Accsry,WERK1333,3,2,Some colours,Some colours,No,No,4,Only some colours have a photo,SanMar website shows more pictures (9 vs our 4)
Everyday CVC Ladies Polo,CH Everyday,L4047,7,4,Some colours,Some colours,No,No,8,Only some colours have a photo,Not listed on SanMar's public website
Everyday CVC Polo,CH Everyday,S4047,7,4,Some colours,Some colours,No,No,8,Only some colours have a photo,Not listed on SanMar's public website
Snag Resist CBlock Lds' Polo,CH Sport Shirts,L4001,4,2,Some colours,No,Some colours,No,4,Only some colours have a photo,SanMar website shows more pictures (26 vs our 4)
Snag Resist CBlock Polo,CH Sport Shirts,S4001,4,2,Some colours,No,Some colours,No,4,Only some colours have a photo,Could not count pictures on SanMar's website
Canvas Backpack,Carhartt,CT89241804,3,2,Some colours,No,No,No,2,Only some colours have a photo,SanMar website shows more pictures (9 vs our 2)
Lunch 6-Can Cooler,Carhartt,CT89251601,3,2,Some colours,No,No,No,2,Only some colours have a photo,SanMar website shows more pictures (9 vs our 2)
Foundry Series Backpack,Carhartt,CT89350303,3,2,Some colours,No,No,No,2,Only some colours have a photo,SanMar website shows more pictures (9 vs our 2)
TwoTone Unstructured Snapback,KOI Accessory,KOI1830,9,3,Some colours,Some colours,Some colours,No,9,Only some colours have a photo,SanMar website shows more pictures (17 vs our 9)
KOI Matte 5-Panel Trucker Cap,KOI Accessory,KOI1836,10,5,Some colours,Some colours,No,No,10,Only some colours have a photo,About the same as SanMar's website
Diamond Era Stretch Cap,New Era,NE1121,3,2,Some colours,Some colours,No,No,4,Only some colours have a photo,SanMar website shows more pictures (16 vs our 4)
Perforated Performance Cap,New Era,NE406,3,2,Some colours,Some colours,No,No,4,Only some colours have a photo,SanMar website shows more pictures (10 vs our 4)
Club Fleece Lds Pullover Hood,Nike,NKFD9889,3,2,Some colours,No,No,Yes,2,Only some colours have a photo,SanMar website shows more pictures (6 vs our 2)
Club Fleece Lds Full Zip Hood,Nike,NKFD9890,3,2,Some colours,No,No,Yes,2,Only some colours have a photo,SanMar website shows more pictures (6 vs our 2)
Technical Earl Polo,Penguin,OGKSE002,3,2,Some colours,No,No,Yes,2,Only some colours have a photo,Could not count pictures on SanMar's website
SHORT SLEEVE WOVEN CREW SHIRT,Red Kap,SY20,5,3,Some colours,No,Some colours,No,6,Only some colours have a photo,Could not count pictures on SanMar's website
Groundwork Backpack,The North Face,NF0A3KX6,3,2,Some colours,No,No,No,2,Only some colours have a photo,SanMar website shows more pictures (6 vs our 2)
Ultimate Trucker Cap,The North Face,NF0A4VUA,8,2,Some colours,No,No,No,2,Only some colours have a photo,SanMar website shows more pictures (15 vs our 2)
Circular Rib Beanie,The North Face,NF0A7RGH,5,3,Some colours,No,Some colours,No,6,Only some colours have a photo,About the same as SanMar's website
Aim Full Zip Fleece Jacket,The North Face,NF0A8ENK,3,2,Some colours,No,No,Yes,2,Only some colours have a photo,About the same as SanMar's website
Aim Full Zip Fleece Ladies' Ja,The North Face,NF0A8FQJ,3,2,Some colours,No,No,Yes,2,Only some colours have a photo,About the same as SanMar's website
